Date ;time ;P ;Q ;S;fp;I;Día;
1/12/2016;00:00:00;509,76;60,63441264;513,3534743;0,993;1,424926762;jueves;
1/12/2016;01:00:00;488,56;85,00148143;495,8993098;0,9852;1,376478846;jueves;
1/12/2016;02:00:00;738,26;126,6589174;749,0462662;0,9856;2,079144536;jueves;
1/12/2016;03:00:00;821,36;36,75991156;822,1821822;0,999;2,282149539;jueves;
1/12/2016;04:00:00;804,52;128,9352413;814,7863075;0,9874;2,261620644;jueves;
1/12/2016;05:00:00;1668,02;160,5452708;1675,72835;0,9954;4,651356799;jueves;
1/12/2016;06:00:00;1713,9;276,8892572;1736,122366;0,9872;4,818993825;jueves;
1/12/2016;07:00:00;1732,28;348,1122315;1766,911465;0,9804;4,904455816;jueves;
1/12/2016;08:00:00;1761,26;293,4764221;1785,54339;0,9864;4,95617287;jueves;
1/12/2016;09:00:00;1809,2;321,2355503;1837,497461;0,9846;5,10038295;jueves;
1/12/2016;10:00:00;1636,66;167,5614243;1645,215119;0,9948;4,566660537;jueves;
1/12/2016;11:00:00;1620,56;159,3560604;1628,376206;0,9952;4,519920388;jueves;
1/12/2016;12:00:00;1298,82;51,9839956;1299,859888;0,9992;3,60805027;jueves;
1/12/2016;13:00:00;1215,56;119,530812;1221,42283;0,9952;3,390330767;jueves;
1/12/2016;14:00:00;1302,2;138,3938278;1309,533387;0,9944;3,634901219;jueves;
1/12/2016;15:00:00;1246,54;162,5962042;1257,099637;0,9916;3,489359682;jueves;
1/12/2016;16:00:00;976,8;112,7848302;983,2897121;0,9934;2,729339327;jueves;
1/12/2016;17:00:00;949,18;106,1906372;955,1016301;0,9938;2,651097035;jueves;
1/12/2016;18:00:00;1201,52;99,33335712;1205,619105;0,9966;3,346464013;jueves;
1/12/2016;19:00:00;1034,14;107,9085034;1039,754675;0,9946;2,886070393;jueves;
1/12/2016;20:00:00;515,16;83,22671668;521,8395462;0,9872;1,448481743;jueves;
1/12/2016;21:00:00;515,62;42,62789267;517,3790889;0,9966;1,436100751;jueves;
1/12/2016;22:00:00;454,04;91,72052671;463,2115895;0,9802;1,285746807;jueves;
1/12/2016;23:00:00;450,62;73,9512235;456,6477503;0,9868;1,267527411;jueves;
1/12/2016;00:00:00;523,8;18,15313419;524,1144687;0,9994;1,454796296;jueves;
2/12/2016;01:00:00;575,86;75,11403577;580,7382009;0,9916;1,611968061;viernes;
2/12/2016;02:00:00;554,62;89,60168026;561,8111831;0,9872;1,559431913;viernes;
2/12/2016;03:00:00;786,82;38,58088187;787,7653184;0,9988;2,186617878;viernes;
2/12/2016;04:00:00;683;117,1782849;692,9788961;0,9856;1,923517078;viernes;
2/12/2016;05:00:00;1455,78;180,5111594;1466,928658;0,9924;4,071786805;viernes;
2/12/2016;06:00:00;1137,04;140,9886169;1145,747682;0,9924;3,180277562;viernes;
2/12/2016;07:00:00;1174,52;57,59133902;1175,931117;0,9988;3,2640584;viernes;
2/12/2016;08:00:00;1255,66;202,8582558;1271,940843;0,9872;3,53055475;viernes;
2/12/2016;09:00:00;1542,08;311,5152626;1573,229953;0,9802;4,366849697;viernes;
2/12/2016;10:00:00;1417,5;145,1238003;1424,90953;0,9948;3,955153368;viernes;
2/12/2016;11:00:00;1445,96;253,3062664;1467,979695;0,985;4,074704194;viernes;
2/12/2016;12:00:00;1332,04;270,4822583;1359,22449;0,98;3,772829928;viernes;
2/12/2016;13:00:00;1223,78;202,3810547;1240,401378;0,9866;3,443009951;viernes;
2/12/2016;14:00:00;928,38;87,37837703;932,4829249;0,9956;2,588313787;viernes;
2/12/2016;15:00:00;978,9;0;978,9;1;2,717154704;viernes;
2/12/2016;16:00:00;998,84;172,5773535;1013,639131;0,9854;2,813580891;viernes;
2/12/2016;17:00:00;1057,84;180,1951495;1073,077703;0,9858;2,97856587;viernes;
2/12/2016;18:00:00;871,82;131,5900152;881,6949838;0,9888;2,447340559;viernes;
2/12/2016;19:00:00;815,88;143,8992124;828,4727864;0,9848;2,299610511;viernes;
2/12/2016;20:00:00;452,02;20,2301247;452,4724725;0,999;1,255937999;viernes;
2/12/2016;21:00:00;452,16;56,0661129;455,6227328;0,9924;1,264682247;viernes;
2/12/2016;22:00:00;426,84;17,08385202;427,1817454;0,9992;1,18573796;viernes;
2/12/2016;23:00:00;457,56;69,06279661;462,7427184;0,9888;1,284445351;viernes;
2/12/2016;00:00:00;424,7;72,86327611;430,9050325;0,9856;1,196072772;viernes;
3/12/2016;01:00:00;419,84;79,82656433;427,3615635;0,9824;1,186237085;sábado;
3/12/2016;02:00:00;483,82;62,3432593;487,820125;0,9918;1,354053272;sábado;
3/12/2016;03:00:00;434,16;54,54618173;437,5730699;0,9922;1,214581393;sábado;
3/12/2016;04:00:00;555,48;92,55889702;563,1386861;0,9864;1,563116692;sábado;
3/12/2016;05:00:00;523,8;102,4618025;533,7273283;0,9814;1,481478926;sábado;
3/12/2016;06:00:00;756,46;99,85401474;763,0219891;0,9914;2,117937264;sábado;
3/12/2016;07:00:00;604,16;107,2726454;613,6095876;0,9846;1,703209907;sábado;
3/12/2016;08:00:00;779,08;34,867673;779,8598599;0,999;2,164674519;sábado;
3/12/2016;09:00:00;652,94;29,22228579;653,5935936;0,999;1,81419441;sábado;
3/12/2016;10:00:00;531,92;23,80604383;532,4524525;0,999;1,477940225;sábado;
3/12/2016;11:00:00;818,92;124,7231339;828,3633421;0,9886;2,299306724;sábado;
3/12/2016;12:00:00;604,68;120,8740205;616,6428717;0,9806;1,711629461;sábado;
3/12/2016;13:00:00;577,16;110,3773675;587,6196294;0,9822;1,631068996;sábado;
3/12/2016;14:00:00;640,3;122,4524021;651,9038892;0,9822;1,809504259;sábado;
3/12/2016;15:00:00;507,7;73,79841469;513,0355699;0,9896;1,424044348;sábado;
3/12/2016;16:00:00;712,26;58,8847268;714,6899458;0,9966;1,983780926;sábado;
3/12/2016;17:00:00;991,9;198,2783306;1011,523557;0,9806;2,807708644;sábado;
3/12/2016;18:00:00;977,98;107,6172255;983,8832998;0,994;2,730986961;sábado;
3/12/2016;19:00:00;582,94;63,0591991;586,3407765;0,9942;1,627519256;sábado;
3/12/2016;20:00:00;904,92;146,1944259;916,6531605;0,9872;2,544374755;sábado;
3/12/2016;21:00:00;962,84;0;962,84;1;2,672576602;sábado;
3/12/2016;22:00:00;579,44;50,65890039;581,650271;0,9962;1,614499714;sábado;
3/12/2016;23:00:00;902,78;114,8840977;910,0604839;0,992;2,526075314;sábado;
3/12/2016;00:00:00;970,86;173,5249435;986,2454287;0,9844;2,737543576;sábado;
4/12/2016;01:00:00;943,12;113,7897889;949,9597099;0,9928;2,636824492;domingo;
4/12/2016;02:00:00;957,38;164,2520445;971,3676948;0,9856;2,696247116;domingo;
4/12/2016;03:00:00;873,34;174,5784829;890,617989;0,9806;2,472108345;domingo;
4/12/2016;04:00:00;1143,14;75,95270871;1145,660453;0,9978;3,180035437;domingo;
4/12/2016;05:00:00;1063,62;67,37033293;1065,751503;0,998;2,958230371;domingo;
4/12/2016;06:00:00;1427,98;268,3247019;1452,971103;0,9828;4,033044507;domingo;
4/12/2016;07:00:00;1060,48;176,7063785;1075,101379;0,9864;2,984183031;domingo;
4/12/2016;08:00:00;1268,52;155,184725;1277,97703;0,9926;3,54730953;domingo;
4/12/2016;09:00:00;1079,34;209,961966;1099,572127;0,9816;3,052107037;domingo;
4/12/2016;10:00:00;958,8;74,43591424;961,6850552;0,997;2,669370796;domingo;
4/12/2016;11:00:00;1072,02;111,8611346;1077,840338;0,9946;2,991785621;domingo;
4/12/2016;12:00:00;886,68;167,6032083;902,381437;0,9826;2,504760411;domingo;
4/12/2016;13:00:00;866,78;165,7649432;882,4882916;0,9822;2,449542561;domingo;
4/12/2016;14:00:00;751,64;114,476257;760,3075056;0,9886;2,110402611;domingo;
4/12/2016;15:00:00;824,96;113,9175128;832,7882092;0,9906;2,311588927;domingo;
4/12/2016;16:00:00;788,92;54,75659211;790,8179631;0,9976;2,195091173;domingo;
4/12/2016;17:00:00;765,96;48,51636883;767,49499;0,998;2,130353072;domingo;
4/12/2016;18:00:00;712,46;72,94173034;716,1841576;0,9948;1,987928443;domingo;
4/12/2016;19:00:00;842,76;116,3754886;850,7571169;0,9906;2,361465627;domingo;
4/12/2016;20:00:00;738,58;97,49382414;744,9868872;0,9914;2,067876826;domingo;
4/12/2016;21:00:00;917,04;177,3907042;934,0395193;0,9818;2,592634461;domingo;
4/12/2016;22:00:00;930,62;41,64983551;931,5515516;0,999;2,585728553;domingo;
4/12/2016;23:00:00;930,14;64,55825253;932,3777065;0,9976;2,58802173;domingo;
4/12/2016;00:00:00;1008,82;103,2830986;1014,093285;0,9948;2,814841496;domingo;
5/12/2016;01:00:00;967,6;144,7149178;978,3619818;0,989;2,715661315;lunes;
5/12/2016;02:00:00;781,9;84,58158262;786,4614766;0,9942;2,182998775;lunes;
5/12/2016;03:00:00;951,08;117,9302872;958,3635631;0,9924;2,660151255;lunes;
5/12/2016;03:59:59;990,42;149,4911597;1001,63835;0,9888;2,780270052;lunes;
5/12/2016;04:59:59;1729,02;120,0061386;1733,179631;0,9976;4,810825609;lunes;
5/12/2016;05:59:59;1716,88;192,0779844;1727,591065;0,9938;4,795313299;lunes;
5/12/2016;06:59:59;1476,5;51,17048995;1477,386432;0,9994;4,100814683;lunes;
5/12/2016;07:59:59;1774,74;208,0309357;1786,890858;0,9932;4,959913066;lunes;
5/12/2016;08:59:59;1660,02;194,5837215;1671,385421;0,9932;4,639302032;lunes;
5/12/2016;09:59:59;1577,78;155,1493341;1585,389871;0,9952;4,400602255;lunes;
5/12/2016;10:59:59;1493,34;0;1493,34;1;4,145097361;lunes;
5/12/2016;11:59:59;1186,32;136,9767606;1194,201731;0,9934;3,314772553;lunes;
5/12/2016;12:59:59;1150,54;140,7516109;1159,117469;0,9926;3,217388379;lunes;
5/12/2016;13:59:59;999,96;152,2958836;1011,490997;0,9886;2,807618267;lunes;
5/12/2016;14:59:59;858,26;155,4012827;872,2154472;0,984;2,421027996;lunes;
5/12/2016;15:59:59;998,84;108,0489423;1004,667069;0,9942;2,788676936;lunes;
5/12/2016;16:59:59;1054,52;184,7329968;1070,57868;0,985;2,971629275;lunes;
5/12/2016;17:59:59;1083,94;157,559688;1095,331447;0,9896;3,040336086;lunes;
5/12/2016;18:59:59;864,98;165,4207072;880,6556709;0,9822;2,444455715;lunes;
5/12/2016;19:59:59;483,84;90,37203658;492,207528;0,983;1,366231484;lunes;
5/12/2016;20:59:59;513,7;90,60281586;521,6287571;0,9848;1,447896651;lunes;
5/12/2016;21:59:59;492,74;92,03438596;501,2614446;0,983;1,391362644;lunes;
5/12/2016;22:59:59;509,28;20,3834321;509,6877502;0,9992;1,41475173;lunes;
5/12/2016;23:59:59;454,04;70,37530723;459,4616474;0,9882;1,275338009;lunes;
6/12/2016;00:59:59;521,3;36,18188342;522,5541299;0,9976;1,450465229;martes;
6/12/2016;01:59:59;536,7;38,77764479;538,0990575;0,9974;1,493613633;martes;
6/12/2016;02:59:59;583,06;109,5599383;593,2641433;0,9828;1,6467366;martes;
6/12/2016;03:59:59;753,16;132,8370971;764,7847279;0,9848;2,122830137;martes;
6/12/2016;04:59:59;1431,88;175,1694132;1442,554906;0,9926;4,004132036;martes;
6/12/2016;05:59:59;1564,2;256,7007763;1585,123632;0,9868;4,399863248;martes;
6/12/2016;06:59:59;1417,86;130,3600094;1423,840129;0,9958;3,952185007;martes;
6/12/2016;07:59:59;1341,84;140,0158065;1349,125276;0,9946;3,744797315;martes;
6/12/2016;08:59:59;1566,42;266,8279571;1588,983567;0,9858;4,410577355;martes;
6/12/2016;09:59:59;1481,46;193,2387029;1494,009681;0,9916;4,14695621;martes;
6/12/2016;10:59:59;1432,3;152,2204574;1440,36605;0,9944;3,998056378;martes;
6/12/2016;11:59:59;1135,38;174,4573916;1148,704978;0,9884;3,188486193;martes;
6/12/2016;12:59:59;1076,04;215,0977063;1097,328166;0,9806;3,045878424;martes;
6/12/2016;13:59:59;866,12;174,0520966;883,4353325;0,9804;2,452171284;martes;
6/12/2016;14:59:59;1044,46;212,0866487;1065,77551;0,98;2,958297008;martes;
6/12/2016;15:59:59;820,02;157,7251811;835,0509165;0,982;2,317869574;martes;
6/12/2016;16:59:59;977,38;119,5680372;984,6665323;0,9926;2,733160998;martes;
6/12/2016;17:59:59;836,12;130,7105013;846,2753036;0,988;2,349025358;martes;
6/12/2016;18:59:59;951,5;193,2103156;970,9183673;0,98;2,694999907;martes;
6/12/2016;19:59:59;436,5;80,54029993;443,8682123;0,9834;1,232054961;martes;
6/12/2016;20:59:59;432,74;8,656098469;432,8265653;0,9998;1,201406413;martes;
6/12/2016;21:59:59;457,94;78,56606702;464,6306818;0,9856;1,289685814;martes;
6/12/2016;22:59:59;431,74;59,61834147;435,8368665;0,9906;1,209762174;martes;
6/12/2016;23:59:59;471,08;74,88398054;476,9947347;0,9876;1,324004993;martes;
7/12/2016;00:59:59;458,08;85,04276237;465,9072417;0,9832;1,293229189;miércoles;
7/12/2016;01:59:59;514,88;102,3756078;524,959217;0,9808;1,457141083;miércoles;
7/12/2016;02:59:59;553,58;54,43570611;556,25;0,9952;1,543995612;miércoles;
7/12/2016;03:59:59;598,64;112,4874995;609,1168091;0,9828;1,690739201;miércoles;
7/12/2016;04:59:59;1311,68;196,1757579;1326,268959;0,989;3,68135452;miércoles;
7/12/2016;05:59:59;1169,28;150,6691047;1178,947368;0,9918;3,272430676;miércoles;
7/12/2016;06:59:59;1138,98;167,1699381;1151,182535;0,9894;3,195363204;miércoles;
7/12/2016;07:59:59;1563,08;198,9111804;1575,685484;0,992;4,373665569;miércoles;
7/12/2016;08:59:59;1047,1;201,4024501;1066,293279;0,982;2,959734191;miércoles;
7/12/2016;09:59:59;1234,14;174,0615736;1246,354272;0,9902;3,459533531;miércoles;
7/12/2016;10:59:59;1211,68;152,2307847;1221,205402;0,9922;3,389727248;miércoles;
7/12/2016;11:59:59;1105,92;99,21438344;1110,361446;0,996;3,08205519;miércoles;
7/12/2016;12:59:59;938,74;156,4210034;951,6828873;0,9864;2,641607554;miércoles;
7/12/2016;13:59:59;869,1;117,3959137;876,9929364;0,991;2,43428898;miércoles;
7/12/2016;14:59:59;862,62;140,4665708;873,9817629;0,987;2,425930798;miércoles;
7/12/2016;15:59:59;1014,28;105,8361893;1019,786849;0,9946;2,830645249;miércoles;
7/12/2016;16:59:59;925,96;169,7941331;941,3989427;0,9836;2,613062178;miércoles;
7/12/2016;17:59:59;806,7;128,2349221;816,8286756;0,9876;2,267289691;miércoles;
7/12/2016;18:59:59;612,62;105,847121;621,6967729;0,9854;1,725657688;miércoles;
7/12/2016;19:59:59;549,86;56,2947251;552,7342179;0,9948;1,534236777;miércoles;
7/12/2016;20:59:59;491,44;26,03190196;492,1289806;0,9986;1,366013459;miércoles;
7/12/2016;21:59:59;512,44;87,91631083;519,9269481;0,9856;1,443172901;miércoles;
7/12/2016;22:59:59;463,04;92,0680575;472,1044046;0,9808;1,310430794;miércoles;
7/12/2016;23:59:59;526,76;92,27890736;534,7817259;0,985;1,484405641;miércoles;
8/12/2016;00:59:59;435,22;86,9993901;443,830308;0,9806;1,231949749;jueves;
8/12/2016;01:59:59;526,4;97,72640174;535,3946298;0,9832;1,486106892;jueves;
8/12/2016;02:59:59;511,98;90,90547041;519,9878123;0,9846;1,443341843;jueves;
8/12/2016;03:59:59;621,78;51,40446667;623,9012643;0,9966;1,731776745;jueves;
8/12/2016;04:59:59;1258,32;189,9272188;1272,572816;0,9888;3,532308931;jueves;
8/12/2016;05:59:59;1305,5;251,1039046;1329,429735;0,982;3,690127959;jueves;
8/12/2016;06:59:59;1441,5;166,4407583;1451,077109;0,9934;4,027787305;jueves;
8/12/2016;07:59:59;1327,7;168,9576824;1338,407258;0,992;3,715047071;jueves;
8/12/2016;08:59:59;1498,5;144,2291389;1505,424955;0,9954;4,178641841;jueves;
8/12/2016;09:59:59;1519,4;262,5185524;1541,911914;0,9854;4,279919512;jueves;
8/12/2016;10:59:59;1490,7;225,0019908;1507,584951;0,9888;4,184637392;jueves;
8/12/2016;11:59:59;1135,74;124,9771853;1142,595573;0,994;3,171528182;jueves;
8/12/2016;12:59:59;1173,18;145,4698388;1182,16445;0,9924;3,281360401;jueves;
8/12/2016;13:59:59;1003,06;100,6839588;1008,100503;0,995;2,798207195;jueves;
8/12/2016;14:59:59;972,28;163,221508;985,885216;0,9862;2,736543725;jueves;
8/12/2016;15:59:59;948,78;97,136197;953,7394451;0,9948;2,647315987;jueves;
8/12/2016;16:59:59;990,54;167,5130873;1004,604462;0,986;2,788503158;jueves;
8/12/2016;17:59:59;870,44;142,8478607;882,0835022;0,9868;2,448418978;jueves;
8/12/2016;18:59:59;691,8;94,49357704;698,2236577;0,9908;1,93807508;jueves;
8/12/2016;19:59:59;428,3;69,74314562;433,9412361;0,987;1,20450043;jueves;
8/12/2016;20:59:59;440,42;64,0187075;445,0485044;0,9896;1,235331124;jueves;
8/12/2016;21:59:59;435,9;50,33057686;438,796054;0,9934;1,217976057;jueves;
8/12/2016;22:59:59;441,6;88,27473615;450,3365287;0,9806;1,250009212;jueves;
8/12/2016;23:59:59;459,58;44,23411923;461,7038377;0,9954;1,281561707;jueves;
9/12/2016;00:59:59;558,78;69,28658565;563,0592503;0,9924;1,562896201;viernes;
9/12/2016;01:59:59;485;36,3704993;486,3618131;0,9972;1,350005402;viernes;
9/12/2016;02:59:59;518,18;14,66074226;518,3873549;0,9996;1,438899418;viernes;
9/12/2016;03:59:59;602,02;71,60846104;606,2638469;0,993;1,682820169;viernes;
9/12/2016;04:59:59;1319,58;246,4722471;1342,400814;0,983;3,726132073;viernes;
9/12/2016;05:59:59;1166,3;142,6796146;1174,994963;0,9926;3,261459894;viernes;
9/12/2016;06:59:59;1346,16;153,0361736;1354,830918;0,9936;3,760634592;viernes;
9/12/2016;07:59:59;1292,72;96,94200382;1296,349779;0,9972;3,598307183;viernes;
9/12/2016;08:59:59;1363,48;205,7997682;1378,923948;0,9888;3,827510157;viernes;
9/12/2016;09:59:59;1246,14;212,2706493;1264,090079;0,9858;3,508763209;viernes;
9/12/2016;10:59:59;1052,26;168,6389363;1065,687665;0,9874;2,958053173;viernes;
9/12/2016;11:59:59;999,24;178,5973925;1015,075173;0,9844;2,817566943;viernes;
9/12/2016;12:59:59;1013,42;200,4192819;1033,04791;0,981;2,867454274;viernes;
9/12/2016;13:59:59;1094,1;75,93822876;1096,732157;0,9976;3,044224068;viernes;
9/12/2016;14:59:59;808,52;160,7611996;824,3474715;0,9808;2,288159781;viernes;
9/12/2016;15:59:59;833,48;133,5764741;844,1158598;0,9874;2,343031341;viernes;
9/12/2016;16:59:59;772,78;124,8465372;782,7998379;0,9872;2,172835082;viernes;
9/12/2016;17:59:59;692,34;41,59657645;693,5884592;0,9982;1,925209056;viernes;
9/12/2016;18:59:59;828,82;149,1070328;842,1255842;0,9842;2,337506888;viernes;
9/12/2016;19:59:59;451,38;9,0289544;451,4702941;0,9998;1,25315623;viernes;
9/12/2016;20:59:59;468;90,52914763;476,675494;0,9818;1,323118869;viernes;
9/12/2016;21:59:59;450,96;69,29248826;456,2525293;0,9884;1,266430388;viernes;
9/12/2016;22:59:59;516,18;63,1470149;520,0282087;0,9926;1,443453973;viernes;
9/12/2016;23:59:59;486,78;78,64178342;493,0915721;0,9872;1,368685346;viernes;
10/12/2016;00:59:59;446,72;19,99292356;447,1671672;0,999;1,241211944;sábado;
10/12/2016;01:59:59;495,1;35,77196187;496,3906156;0,9974;1,377842575;sábado;
10/12/2016;02:59:59;521,6;60,22580613;525,0654319;0,9934;1,457435906;sábado;
10/12/2016;03:59:59;552,5;111,0282448;563,5454916;0,9804;1,564245872;sábado;
10/12/2016;04:59:59;642,44;102,9597231;650,6380393;0,9874;1,805990611;sábado;
10/12/2016;05:59:59;777,16;120,4582719;786,4399919;0,9882;2,18293914;sábado;
10/12/2016;06:59:59;680,16;47,2078838;681,7963111;0,9976;1,892477326;sábado;
10/12/2016;07:59:59;753,14;111,5944791;761,3627173;0,9892;2,113331586;sábado;
10/12/2016;08:59:59;909,18;138,4699102;919,6641716;0,9886;2,552732486;sábado;
10/12/2016;09:59:59;910,26;63,17844083;912,4498797;0,9976;2,532707614;sábado;
10/12/2016;10:59:59;695,62;136,8225262;708,9482267;0,9812;1,967843507;sábado;
10/12/2016;11:59:59;858,94;147,3632738;871,4894481;0,9856;2,419012824;sábado;
10/12/2016;12:59:59;748,58;68,82548052;751,7372966;0,9958;2,086614089;sábado;
10/12/2016;13:59:59;661,64;109,4178701;670,6263937;0,9866;1,861472735;sábado;
10/12/2016;14:59:59;787,16;65,07694037;789,8454746;0,9966;2,192391814;sábado;
10/12/2016;15:59:59;537,8;50,61730236;540,1767778;0,9956;1,499380808;sábado;
10/12/2016;16:59:59;773,58;118,8648285;782,6588426;0,9884;2,172443718;sábado;
10/12/2016;17:59:59;644,98;56,38888854;647,440273;0,9962;1,7971145;sábado;
10/12/2016;18:59:59;743,1;71,52263805;746,5340567;0,9954;2,072171339;sábado;
10/12/2016;19:59:59;842,7;140,4179854;854,3187348;0,9864;2,37135169;sábado;
10/12/2016;20:59:59;707,66;139,9505724;721,3659531;0,981;2,002311669;sábado;
10/12/2016;21:59:59;497,1;64,84073765;501,3110125;0,9916;1,391500231;sábado;
10/12/2016;22:59:59;561,94;109,9224615;572,5901773;0,9814;1,589351409;sábado;
10/12/2016;23:59:59;749,28;96,54945501;755,4748941;0,9918;2,096988623;sábado;
11/12/2016;00:59:59;845,26;149,0810515;858,3062551;0,9848;2,382419939;domingo;
11/12/2016;01:59:59;711,34;47,26297725;712,9083985;0,9978;1,978835845;domingo;
11/12/2016;02:59:59;657,44;68,60131747;661,009451;0,9946;1,834778772;domingo;
11/12/2016;03:59:59;671,92;129,9750959;684,3756366;0,9818;1,899636817;domingo;
11/12/2016;04:59:59;514,24;100,5917475;523,9861422;0,9814;1,454440097;domingo;
11/12/2016;05:59:59;879,16;142,032767;890,5591572;0,9872;2,471945044;domingo;
11/12/2016;06:59:59;769,86;156,3267405;785,5714286;0,98;2,180528249;domingo;
11/12/2016;07:59:59;667;55,14294327;669,2755368;0,9966;1,857723131;domingo;
11/12/2016;08:59:59;667,94;37,82980318;669,0104167;0,9984;1,856987232;domingo;
11/12/2016;09:59:59;653,76;68,21732372;657,3094711;0,9946;1,824508654;domingo;
11/12/2016;10:59:59;749,3;137,3998271;761,793412;0,9836;2,114527074;domingo;
11/12/2016;11:59:59;531,86;21,28717443;532,2858287;0,9992;1,477477723;domingo;
11/12/2016;12:59:59;531,78;106,8644344;542,4112607;0,9804;1,505583112;domingo;
11/12/2016;13:59:59;600,22;75,4093173;604,9385205;0,9922;1,679141431;domingo;
11/12/2016;14:59:59;586,9;115,4382287;598,1451284;0,9812;1,66028486;domingo;
11/12/2016;15:59:59;620,8;88,45920905;627,0707071;0,99;1,740574238;domingo;
11/12/2016;16:59:59;574,12;58,77846647;577,1210294;0,9948;1,601927796;domingo;
11/12/2016;17:59:59;600,42;101,5387646;608,9452333;0,986;1,690262954;domingo;
11/12/2016;18:59:59;561,06;89,91747437;568,2195665;0,9874;1,577219806;domingo;
11/12/2016;19:59:59;699,04;94,42462258;705,3884965;0,991;1,957962684;domingo;
11/12/2016;20:59:59;726,16;119,1700778;735,8735306;0,9868;2,042580678;domingo;
11/12/2016;21:59:59;602,94;34,14842879;603,90625;0,9984;1,676276135;domingo;
11/12/2016;22:59:59;494,06;96,1085561;503,3211084;0,9816;1,397079699;domingo;
11/12/2016;23:59:59;1008,06;137,6918116;1017,420266;0,9908;2,824076273;domingo;
12/12/2016;00:59:59;523,04;91,00043975;530,8972797;0,9852;1,473623497;lunes;
12/12/2016;01:59:59;549,42;10,99004858;549,529906;0,9998;1,525342496;lunes;
12/12/2016;02:59:59;882,02;179,1017999;900,0204082;0,98;2,498206851;lunes;
12/12/2016;03:59:59;838,58;137,6193178;849,7973247;0,9868;2,35880151;lunes;
12/12/2016;04:59:59;1450,78;226,8001975;1468,40081;0,988;4,07587309;lunes;
12/12/2016;05:59:59;1426,78;230,5035617;1445,279579;0,9872;4,01169497;lunes;
12/12/2016;06:59:59;1491,24;155,6051178;1499,336417;0,9946;4,161741749;lunes;
12/12/2016;07:59:59;1571,34;271,4926301;1594,621474;0,9854;4,42622662;lunes;
12/12/2016;08:59:59;1615,4;183,6443178;1625,805153;0,9936;4,512783859;lunes;
12/12/2016;09:59:59;1481,9;183,7499396;1493,24869;0,9924;4,144843909;lunes;
12/12/2016;10:59:59;1442,68;225,5339258;1460,202429;0,988;4,053116661;lunes;
12/12/2016;11:59:59;1344,9;185,7152625;1357,662023;0,9906;3,768492954;lunes;
12/12/2016;12:59:59;1295,86;173,0595496;1307,36481;0,9912;3,628881852;lunes;
12/12/2016;13:59:59;1380,9;144,0915662;1388,397346;0,9946;3,853805679;lunes;
12/12/2016;14:59:59;1300,26;223,0779454;1319,257305;0,9856;3,661892117;lunes;
12/12/2016;15:59:59;1123,3;184,3447014;1138,325902;0,9868;3,159676759;lunes;
12/12/2016;16:59:59;1341,22;239,7205825;1362,474604;0,9844;3,781851343;lunes;
12/12/2016;17:59:59;1041,2;211,4246775;1062,44898;0,98;2,949063483;lunes;
12/12/2016;18:59:59;1007,24;167,8350678;1021,127332;0,9864;2,834366057;lunes;
12/12/2016;19:59:59;463,76;69,99860686;469,012945;0,9888;1,30184976;lunes;
12/12/2016;20:59:59;462,92;64,61020378;467,4071082;0,9904;1,297392403;lunes;
12/12/2016;21:59:59;418,78;27,82465433;419,7033474;0,9978;1,164980003;lunes;
12/12/2016;22:59:59;478,9;57,78048382;482,3730862;0,9928;1,338933804;lunes;
12/12/2016;23:59:59;442,88;15,34872102;443,1458875;0,9994;1,230049988;lunes;
13/12/2016;00:59:59;494,02;68,95086164;498,8085622;0,9904;1,384554123;martes;
13/12/2016;01:59:59;461,18;90,71017603;470,0163066;0,9812;1,304634813;martes;
13/12/2016;02:59:59;497,94;41,16623264;499,6387718;0,9966;1,386858555;martes;
13/12/2016;03:59:59;612,52;109,4776779;622,2267371;0,9844;1,727128722;martes;
13/12/2016;04:59:59;1115,98;31,57415406;1116,426571;0,9996;3,098890294;martes;
13/12/2016;05:59:59;1123,4;196,7995378;1140,507614;0,985;3,165732587;martes;
13/12/2016;06:59:59;975,98;55,27611957;977,5440705;0,9984;2,71339102;martes;
13/12/2016;07:59:59;1187,12;177,5464791;1200,323559;0,989;3,331765048;martes;
13/12/2016;08:59:59;1303,26;130,8170759;1309,809045;0,995;3,635666369;martes;
13/12/2016;09:59:59;1272,12;116,9604722;1277,485439;0,9958;3,54594501;martes;
13/12/2016;10:59:59;1284,88;177,427189;1297,072481;0,9906;3,600313203;martes;
13/12/2016;11:59:58;1206,84;132,8010516;1214,124748;0,994;3,370073319;martes;
13/12/2016;12:59:58;1270,84;221,1054582;1289,930978;0,9852;3,580490373;martes;
13/12/2016;13:59:58;1063,18;171,7621334;1076,965154;0,9872;2,989356354;martes;
13/12/2016;14:59:58;1103,08;44,14969423;1103,963171;0,9992;3,064295354;martes;
13/12/2016;15:59:58;1123,7;228,177017;1146,632653;0,98;3,182733995;martes;
13/12/2016;16:59:58;1171;216,0657302;1190,766728;0,9834;3,305237936;martes;
13/12/2016;17:59:58;697,68;99,41401574;704,7272727;0,99;1,956127311;martes;
13/12/2016;18:59:58;732,96;106,5418279;740,6628941;0,9896;2,055874622;martes;
13/12/2016;19:59:58;490,82;49,26694383;493,2864322;0,995;1,369226223;martes;
13/12/2016;20:59:58;462,68;69,19873725;467,826087;0,989;1,298555371;martes;
13/12/2016;21:59:58;405,38;39,86261524;407,335209;0,9952;1,130649484;martes;
13/12/2016;22:59:58;435,48;56,11434533;439,0804598;0,9918;1,218765489;martes;
13/12/2016;23:59:58;446,78;74,44635993;452,9399838;0,9864;1,257235681;martes;
14/12/2016;00:59:58;495,74;59,81227197;499,3352135;0,9928;1,386015961;miércoles;
14/12/2016;01:59:58;458,76;92,19062006;467,9314565;0,9804;1,298847848;miércoles;
14/12/2016;02:59:58;542,46;66,36198555;546,5041306;0,9926;1,516943783;miércoles;
14/12/2016;03:59:58;539,18;58,32548628;542,3254878;0,9942;1,505345031;miércoles;
14/12/2016;04:59:58;1175,6;207,344112;1193,744923;0,9848;3,31350458;miércoles;
14/12/2016;05:59:58;1100,48;49,25190839;1101,581582;0,999;3,057684724;miércoles;
14/12/2016;06:59:58;1133,18;220,4353593;1154,421353;0,9816;3,204353264;miércoles;
14/12/2016;07:59:58;1252,28;225,2886694;1272,383662;0,9842;3,531783893;miércoles;
14/12/2016;08:59:58;1291,48;194,9322943;1306,108414;0,9888;3,625394445;miércoles;
14/12/2016;09:59:58;1240,84;60,84326969;1242,330797;0,9988;3,448365481;miércoles;
14/12/2016;10:59:58;1095,6;69,39596544;1097,795591;0,998;3,047175866;miércoles;
14/12/2016;11:59:58;977,66;179,2744095;993,9609597;0,9836;2,758959748;miércoles;
14/12/2016;12:59:58;1006,62;188,0173187;1024,028484;0,983;2,842418851;miércoles;
14/12/2016;13:59:58;954,32;161,3878183;967,8701826;0,986;2,686538992;miércoles;
14/12/2016;14:59:58;982,86;160,0461081;995,8054711;0,987;2,7640796;miércoles;
14/12/2016;15:59:58;839,68;105,4941447;846,2809917;0,9922;2,349041146;miércoles;
14/12/2016;16:59:58;979,02;146,4229008;989,908999;0,989;2,74771263;miércoles;
14/12/2016;17:59:58;966,56;152,3793284;978,4976716;0,9878;2,716037952;miércoles;
14/12/2016;18:59:58;720,72;144,0701264;734,9785845;0,9806;2,040096556;miércoles;
14/12/2016;19:59:58;492,12;85,62086344;499,5127893;0,9852;1,386508862;miércoles;
14/12/2016;20:59:58;411,48;30,85718155;412,6353791;0,9972;1,145361285;miércoles;
14/12/2016;21:59:58;488,28;48,01449941;490,6350482;0,9952;1,361866717;miércoles;
14/12/2016;22:59:58;433,98;78,07421403;440,946962;0,9842;1,223946381;miércoles;
14/12/2016;23:59:58;436,2;28,98207703;437,1617559;0,9978;1,213439699;miércoles;
15/12/2016;00:59:58;479,72;86,86074537;487,5203252;0,984;1,353221111;jueves;
15/12/2016;01:59:58;447,2;72,24743322;452,9983793;0,9872;1,25739777;jueves;
15/12/2016;02:59:58;616,04;92,98331415;623,0177994;0,9888;1,729324491;jueves;
15/12/2016;03:59:58;618,64;60,83331267;621,6237942;0,9952;1,72545512;jueves;
15/12/2016;04:59:58;1402,16;231,8804194;1421,204135;0,9866;3,944868222;jueves;
15/12/2016;05:59:58;1431,5;223,7861583;1448,88664;0,988;4,02170717;jueves;
15/12/2016;06:59:58;1495,22;206,4727302;1509,408439;0,9906;4,189698888;jueves;
15/12/2016;07:59:58;1244,3;93,31095315;1247,793823;0,9972;3,463529324;jueves;
15/12/2016;08:59:58;1548,14;231,5408773;1565,358948;0,989;4,345001972;jueves;
15/12/2016;09:59:58;1532,04;270,2105081;1555,686434;0,9848;4,318153756;jueves;
15/12/2016;10:59:58;1326,08;112,8264795;1330,871136;0,9964;3,694128888;jueves;
15/12/2016;11:59:58;1293,44;129,8313757;1299,939698;0,995;3,608271802;jueves;
15/12/2016;12:59:58;1212,78;154,3334323;1222,560484;0,992;3,393488579;jueves;
15/12/2016;13:59:58;1104,66;147,5251663;1114,467312;0,9912;3,093451936;jueves;
15/12/2016;14:59:58;1121,64;209,5008497;1141,03764;0,983;3,167203791;jueves;
15/12/2016;15:59:58;953,86;101,3733195;959,2316975;0,9944;2,662560956;jueves;
15/12/2016;16:59:58;969;165,0619185;982,9580037;0,9858;2,728418596;jueves;
15/12/2016;17:59:58;802,16;108,3538213;809,445005;0,991;2,246794671;jueves;
15/12/2016;18:59:58;788,92;116,8960837;797,5333603;0,9892;2,213731251;jueves;
15/12/2016;19:59:58;430,14;12,16984769;430,3121248;0,9996;1,194427025;jueves;
15/12/2016;20:59:58;430,34;51,18764347;433,3736153;0,993;1,202924872;jueves;
15/12/2016;21:59:58;487,26;62,00671863;491,1895161;0,992;1,363405766;jueves;
15/12/2016;22:59:58;399,22;51,44201558;402,5206695;0,9918;1,117285658;jueves;
15/12/2016;23:59:58;422,78;42,43730596;424,9045226;0,995;1,179417022;jueves;
16/12/2016;00:59:58;444,48;79,44334598;451,5237708;0,9844;1,253304666;viernes;
16/12/2016;01:59:58;495,88;97,53537033;505,3811659;0,9812;1,402797847;viernes;
16/12/2016;02:59:58;463,88;46,56279268;466,2110553;0,995;1,294072492;viernes;
16/12/2016;03:59:58;723,92;88,56094196;729,3169454;0,9926;2,024381417;viernes;
16/12/2016;04:59:58;1168,26;70,19039259;1170,36666;0,9982;3,248613011;viernes;
16/12/2016;05:59:58;1222,32;166,9577755;1233,669762;0,9908;3,424324851;viernes;
16/12/2016;06:59:58;1204,78;211,0558547;1223,126904;0,985;3,395060803;viernes;
16/12/2016;07:59:58;1098,26;134,3559235;1106,447713;0,9926;3,071191755;viernes;
16/12/2016;08:59:58;1222,82;117,6952123;1228,470966;0,9954;3,409894438;viernes;
16/12/2016;09:59:58;1151;146,4715617;1160,282258;0,992;3,22062151;viernes;
16/12/2016;10:59:58;1110,14;180,7720189;1124,761905;0,987;3,122026868;viernes;
16/12/2016;11:59:58;827,52;66,36097263;830,176565;0,9968;2,304339727;viernes;
16/12/2016;12:59:58;999,46;198,7265479;1019,025285;0,9808;2,82853136;viernes;
16/12/2016;13:59:58;955,42;150,6230942;967,220085;0,9878;2,684734502;viernes;
16/12/2016;14:59:58;953,42;186,5008243;971,4897086;0,9814;2,696585792;viernes;
16/12/2016;15:59:58;882,18;154,5421188;895,6142132;0,985;2,485976476;viernes;
16/12/2016;16:59:58;751,28;21,25578457;751,5806323;0,9996;2,086179232;viernes;
16/12/2016;17:59:58;625,18;108,0172098;634,4428658;0,9854;1,761037305;viernes;
16/12/2016;18:59:58;527,8;48,52666197;530,0261097;0,9958;1,471205371;viernes;
16/12/2016;19:59:58;373,26;48,0969058;376,3460375;0,9918;1,044632145;viernes;
16/12/2016;20:59:58;449,08;26,98123834;449,8898016;0,9982;1,248769222;viernes;
16/12/2016;21:59:58;389,44;43,56906146;391,8695915;0,9938;1,087721222;viernes;
16/12/2016;22:59:58;419,42;23,75449299;420,0921474;0,9984;1,166059204;viernes;
16/12/2016;23:59:58;476;13,46735366;476,1904762;0,9996;1,321772594;viernes;
17/12/2016;00:59:58;437,1;77,0926432;443,8464663;0,9848;1,2319946;sábado;
17/12/2016;01:59:58;485,42;21,72493945;485,9059059;0,999;1,348739931;sábado;
17/12/2016;02:59:58;604,38;102,9516226;613,0858186;0,9858;1,701756069;sábado;
17/12/2016;03:59:58;519,08;90,93350906;526,9847716;0,985;1,46276346;sábado;
17/12/2016;04:59:58;684,98;0;684,98;1;1,901314362;sábado;
17/12/2016;05:59:58;788,28;153,3426155;803,0562347;0,9816;2,229061218;sábado;
17/12/2016;06:59:58;635,12;100,9601633;643,0943702;0,9876;1,78505148;sábado;
17/12/2016;07:59:58;733,26;32,81700198;733,993994;0,999;2,037363606;sábado;
17/12/2016;08:59:58;734,32;127,759718;745,3511977;0,9852;2,068888051;sábado;
17/12/2016;09:59:58;595,04;101,3606233;603,6112802;0,9858;1,67545738;sábado;
17/12/2016;10:59:58;613,86;99,17220339;621,8192869;0,9872;1,725997753;sábado;
17/12/2016;11:59:58;724,34;131,1529899;736,1178862;0,984;2,043258941;sábado;
17/12/2016;12:59:58;596,66;61,08611406;599,77885;0,9948;1,664819618;sábado;
17/12/2016;13:59:58;555,46;29,42308372;556,2387342;0,9986;1,543964341;sábado;
17/12/2016;14:59:58;509,1;80,92772882;515,4921021;0,9876;1,430862999;sábado;
17/12/2016;15:59:58;504,64;86,5781108;512,012987;0,9856;1,421205942;sábado;
17/12/2016;16:59:58;735,92;129,7964264;747,2786353;0,9848;2,074238083;sábado;
17/12/2016;17:59:58;893,52;148,8860547;905,8394161;0,9864;2,514358801;sábado;
17/12/2016;18:59:58;627,18;98,87566956;634,9260984;0,9878;1,762378624;sábado;
17/12/2016;19:59:58;677,26;83,9776531;682,4465941;0,9924;1,894282331;sábado;
17/12/2016;20:59:58;501,06;54,20187721;503,983102;0,9942;1,39891721;sábado;
17/12/2016;21:59:58;703,48;136,8466321;716,6666667;0,9816;1,989267754;sábado;
17/12/2016;22:59:58;457,74;30,4132415;458,7492483;0,9978;1,273360587;sábado;
17/12/2016;23:59:58;606,02;99,45390899;614,1264694;0,9868;1,704644627;sábado;
18/12/2016;00:59:58;678,08;107,7891855;686,5937627;0,9876;1,90579372;domingo;
18/12/2016;01:59:58;847,38;106,4615429;854,0415239;0,9922;2,370582229;domingo;
18/12/2016;02:59:58;783,16;93,15451704;788,6807654;0,993;2,189158905;domingo;
18/12/2016;03:59:58;731,2;127,2168889;742,1843281;0,9852;2,0600977;domingo;
18/12/2016;04:59:58;673,72;133,238419;686,7686035;0,981;1,906279029;domingo;
18/12/2016;05:59:58;1002,62;175,6410473;1017,888325;0,985;2,825375473;domingo;
18/12/2016;06:59:58;740,66;69,710322;743,9333065;0,9956;2,064952379;domingo;
18/12/2016;07:59:58;886,5;177,209134;904,0383439;0,9806;2,509359525;domingo;
18/12/2016;08:59:58;995,52;159,5455817;1008,223618;0,9874;2,798548928;domingo;
18/12/2016;09:59:58;716,18;110,0450023;724,5851882;0,9884;2,011247372;domingo;
18/12/2016;10:59:58;812,54;147,1229677;825,7520325;0,984;2,292058453;domingo;
18/12/2016;11:59:58;861,68;122,7827501;870,3838384;0,99;2,415943959;domingo;
18/12/2016;12:59:58;936,7;99,54960722;941,9750603;0,9944;2,61466132;domingo;
18/12/2016;13:59:58;955,52;54,11733619;957,0512821;0,9984;2,656508728;domingo;
18/12/2016;14:59:58;938,1;109,9619216;944,5227547;0,9932;2,621733013;domingo;
18/12/2016;15:59:58;1056,76;160,9466358;1068,945984;0,9886;2,967097364;domingo;
18/12/2016;16:59:58;811,08;84,63305636;815,4836115;0,9946;2,263556166;domingo;
18/12/2016;17:59:58;757,16;121,345159;766,8219567;0,9874;2,128484919;domingo;
18/12/2016;18:59:58;800,1;143,0044572;812,779358;0,9844;2,256049909;domingo;
18/12/2016;19:59:58;984,68;192,6156696;1003,342164;0,9814;2,784999368;domingo;
18/12/2016;20:59:58;794,74;123,1831373;804,229913;0,9882;2,232319023;domingo;
18/12/2016;21:59:58;753,5;95,88733425;759,5766129;0,992;2,108373855;domingo;
18/12/2016;22:59:58;743,7;128,4948318;754,7188959;0,9854;2,094890181;domingo;
18/12/2016;23:59:58;944,44;59,82139978;946,3326653;0,998;2,626756822;domingo;
19/12/2016;00:59:58;826,02;146,665371;838,9396709;0,9846;2,328663677;lunes;
19/12/2016;01:59:58;595,3;74,79118755;599,9798428;0,9922;1,665377518;lunes;
19/12/2016;02:59:58;736;14,72220842;736,1472294;0,9998;2,04334039;lunes;
19/12/2016;03:59:58;901,64;180,2355822;919,4778707;0,9806;2,552215366;lunes;
19/12/2016;04:59:58;1348,02;117,8538087;1353,162016;0,9962;3,756002183;lunes;
19/12/2016;05:59:58;1612,88;254,2724416;1632,800162;0,9878;4,532200063;lunes;
19/12/2016;06:59:58;1481,54;168,4266451;1491,082931;0,9936;4,138832363;lunes;
19/12/2016;07:59:58;1573,66;221,9470529;1589,234498;0,9902;4,411273872;lunes;
19/12/2016;08:59:58;1538,14;219,1730796;1553,676768;0,99;4,312575481;lunes;
19/12/2016;09:59:58;1541,34;298,1542658;1569,912406;0,9818;4,357641106;lunes;
19/12/2016;10:59:58;1429,14;85,86436038;1431,717091;0,9982;3,974049268;lunes;
19/12/2016;11:59:58;1327,98;53,15109597;1329,043235;0,9992;3,689055141;lunes;
19/12/2016;12:59:58;1292,02;226,3387385;1311,695431;0,985;3,640902454;lunes;
19/12/2016;13:59:58;1341,66;260,9905788;1366,809291;0,9816;3,793883231;lunes;
19/12/2016;14:59:58;1228,2;236,2357837;1250,712831;0,982;3,471631681;lunes;
19/12/2016;15:59:58;1061,42;124,417208;1068,687072;0,9932;2,966378696;lunes;
19/12/2016;16:59:58;1093,56;160,5035711;1105,275925;0,9894;3,067939196;lunes;
19/12/2016;17:59:58;1175,1;215,4791631;1194,692965;0,9836;3,31613608;lunes;
19/12/2016;18:59:58;918,2;97,58348388;923,3708769;0,9944;2,563021271;lunes;
19/12/2016;19:59:58;547,7;84,89242307;554,2400324;0,9882;1,538416499;lunes;
19/12/2016;20:59:58;463,12;92,57653035;472,2822762;0,9806;1,310924516;lunes;
19/12/2016;21:59:58;473,06;56,26905847;476,3947633;0,993;1,322339639;lunes;
19/12/2016;22:59:58;457,16;31,73011668;458,2598236;0,9976;1,272002079;lunes;
19/12/2016;23:59:58;472,2;46,43328955;474,477492;0,9952;1,317017826;lunes;
20/12/2016;00:59:58;469,9;39,98036523;471,5977519;0,9964;1,309024466;martes;
20/12/2016;01:59:58;524,38;23,46859163;524,9049049;0,999;1,456990328;martes;
20/12/2016;02:59:58;549,56;0;549,56;1;1,525426029;martes;
20/12/2016;03:59:58;793,38;145,4828171;806,6083774;0,9836;2,23892098;martes;
20/12/2016;04:59:58;1406,1;141,1398266;1413,165829;0,995;3,922556115;martes;
20/12/2016;05:59:58;1474,24;256,4937448;1496,386521;0,9852;4,153553656;martes;
20/12/2016;06:59:58;1418,84;94,27081655;1421,96833;0,9978;3,946989415;martes;
20/12/2016;07:59:58;1299,64;173,5643611;1311,17837;0,9912;3,639467234;martes;
20/12/2016;08:59:58;1488,36;297,5194436;1517,805425;0,9806;4,213006591;martes;
20/12/2016;09:59:58;1464,54;286,482261;1492,296719;0,9814;4,142201502;martes;
20/12/2016;10:59:58;1291,52;184,0316329;1304,565657;0,99;3,621112178;martes;
20/12/2016;11:59:58;1333,54;37,72952688;1334,073629;0,9996;3,703018121;martes;
20/12/2016;12:59:58;1197,14;174,0142489;1209,721099;0,9896;3,357850012;martes;
20/12/2016;13:59:58;1297,12;51,91595477;1298,158527;0,9992;3,603327764;martes;
20/12/2016;14:59:58;1267,68;101,6585433;1271,749599;0,9968;3,530023909;martes;
20/12/2016;15:59:58;1277,6;187,5154198;1291,287649;0,9894;3,584256114;martes;
20/12/2016;16:59:58;1009,32;179,211511;1025,106642;0,9846;2,845411519;martes;
20/12/2016;17:59:58;959,02;193,7314323;978,3921649;0,9802;2,715745095;martes;
20/12/2016;18:59:58;1009,18;92,78540494;1013,436433;0,9958;2,813018257;martes;
20/12/2016;19:59:58;492,64;69,48133405;497,5156534;0,9902;1,380965367;martes;
20/12/2016;20:59:58;560,32;22,426258;560,7686149;0,9992;1,556538033;martes;
20/12/2016;21:59:58;511,66;57,24256878;514,8520829;0,9938;1,429086484;martes;
20/12/2016;22:59:58;468,84;71,40525828;474,2464091;0,9886;1,316376404;martes;
20/12/2016;23:59:58;482,74;55,7388912;485,9472519;0,9934;1,348854696;martes;
21/12/2016;00:59:58;589,46;94,46895954;596,9819729;0,9874;1,657056263;miércoles;
21/12/2016;01:59:58;645,76;100,0915303;653,4709573;0,9882;1,813854005;miércoles;
21/12/2016;02:59:58;602;90,86415674;608,8187702;0,9888;1,689911927;miércoles;
21/12/2016;03:59:58;718,48;67,62275828;721,6552832;0,9956;2,003114769;miércoles;
21/12/2016;04:59:58;1650,96;184,7031063;1661,259811;0,9938;4,611196149;miércoles;
21/12/2016;05:59:58;1614,44;133,4707246;1619,947823;0,9966;4,496525536;miércoles;
21/12/2016;06:59:58;1578,7;187,7815977;1589,828802;0,993;4,412923493;miércoles;
21/12/2016;07:59:58;1448,08;268,836717;1472,823434;0,9832;4,088149067;miércoles;
21/12/2016;08:59:58;1668,8;267,4478331;1690,0952;0,9874;4,691235185;miércoles;
21/12/2016;09:59:58;1564,58;225,1931231;1580,703172;0,9898;4,387593279;miércoles;
21/12/2016;10:59:58;1443,9;179,0380848;1454,957678;0,9924;4,038558689;miércoles;
21/12/2016;11:59:58;1403,6;257,3794173;1427,002847;0,9836;3,960963835;miércoles;
21/12/2016;12:59:58;1133,4;202,5762426;1151,361235;0,9844;3,195859227;miércoles;
21/12/2016;13:59:58;1329,26;221,492834;1347,587186;0,9864;3,740528002;miércoles;
21/12/2016;14:59:58;1188,94;145,4492849;1197,803748;0,9926;3,324770751;miércoles;
21/12/2016;15:59:58;1251,16;220,6708567;1270,471162;0,9848;3,526475323;miércoles;
21/12/2016;16:59:58;889,06;115,9672223;896,5913675;0,9916;2,488688785;miércoles;
21/12/2016;17:59:58;962,48;157,9525401;975,3546818;0,9868;2,707313885;miércoles;
21/12/2016;18:59:58;842,88;122,5196135;851,738076;0,9896;2,364188497;miércoles;
21/12/2016;19:59:57;510,5;42,20460651;512,2416215;0,9966;1,421840568;miércoles;
21/12/2016;20:59:57;502,2;43,90601232;504,1156394;0,9962;1,399285097;miércoles;
21/12/2016;21:59:57;479,34;48,1146181;481,7487437;0,995;1,337200802;miércoles;
21/12/2016;22:59:57;441,12;54,69719507;444,4981862;0,9924;1,233803594;miércoles;
21/12/2016;23:59:57;511;93,11518965;519,4145151;0,9838;1,44175053;miércoles;
22/12/2016;00:59:57;491,34;96,64239102;500,7541786;0,9812;1,389954614;jueves;
22/12/2016;01:59:57;451,5;68,76434202;456,7064536;0,9886;1,267690355;jueves;
22/12/2016;02:59:57;429,42;33,33778712;430,7121364;0,997;1,195537346;jueves;
22/12/2016;03:59:57;554,96;31,43100813;555,849359;0,9984;1,542883543;jueves;
22/12/2016;04:59:57;1173,56;223,1356298;1194,584691;0,9824;3,315835542;jueves;
22/12/2016;05:59:57;1179,8;171,4937358;1192,198868;0,9896;3,309213161;jueves;
22/12/2016;06:59:57;942,36;101,9392508;947,8575739;0,9942;2,630989545;jueves;
22/12/2016;07:59:57;942,64;151,0708445;954,6688272;0,9874;2,649895694;jueves;
22/12/2016;08:59:57;1226,22;222,0261469;1246,158537;0,984;3,458990224;jueves;
22/12/2016;09:59:57;1066,02;73,98927942;1068,584603;0,9976;2,96609427;jueves;
22/12/2016;10:59:57;1021,06;160,9713179;1033,670784;0,9878;2,869183198;jueves;
22/12/2016;11:59:57;787,76;59,07468975;789,9719214;0,9972;2,192742795;jueves;
22/12/2016;12:59:57;1096,16;210,8388021;1116,252546;0,982;3,098407249;jueves;
22/12/2016;13:59:57;1027,72;186,0846436;1044,430894;0,984;2,899050279;jueves;
22/12/2016;14:59:57;971,86;171,4098747;986,8602762;0,9848;2,739250222;jueves;
22/12/2016;15:59:57;889,46;117,4102424;897,1757111;0,9914;2,490310761;jueves;
22/12/2016;16:59:57;831,42;149,57478;844,7673237;0,9842;2,344839624;jueves;
22/12/2016;17:59:57;685,06;19,38223802;685,3341337;0,9996;1,902297339;jueves;
22/12/2016;18:59:57;590,06;88,24977717;596,6228514;0,989;1,656059442;jueves;
22/12/2016;19:59:57;433,3;78,4556845;440,3455285;0,984;1,222276968;jueves;
22/12/2016;20:59:57;401,32;13,90839216;401,5609366;0,9994;1,114621706;jueves;
22/12/2016;21:59:57;404,5;67,90543877;410,1602109;0,9862;1,138490905;jueves;
22/12/2016;22:59:57;460,18;22,56443687;460,7328795;0,9988;1,278866596;jueves;
22/12/2016;23:59:57;418,04;60,16933183;422,3479491;0,9898;1,172320683;jueves;
23/12/2016;00:59:57;457,94;70,97979956;463,408217;0,9882;1,28629259;viernes;
23/12/2016;01:59:57;494,4;87,78402393;502,1328458;0,9846;1,393781412;viernes;
23/12/2016;02:59:57;522;56,46704966;525,0452625;0,9942;1,457379921;viernes;
23/12/2016;03:59:57;718,08;124,0682652;728,7193018;0,9854;2,022722524;viernes;
23/12/2016;04:59:57;1262,76;218,1768641;1281,469454;0,9854;3,55700353;viernes;
23/12/2016;05:59:57;1464,44;276,8133289;1490,372481;0,9826;4,136860352;viernes;
23/12/2016;06:59:57;1306,88;176,530171;1318,748739;0,991;3,660480477;viernes;
23/12/2016;07:59:57;1375,14;27,50692621;1375,415083;0,9998;3,817770521;viernes;
23/12/2016;08:59:57;1511,6;221,8599785;1527,794623;0,9894;4,240733831;viernes;
23/12/2016;09:59:57;1376,48;77,95904943;1378,685897;0,9984;3,826849394;viernes;
23/12/2016;10:59:57;1308,7;166,53982;1319,254032;0,992;3,661883032;viernes;
23/12/2016;11:59:57;1129,02;176,4995099;1142,732794;0,988;3,171909067;viernes;
23/12/2016;12:59:57;1193,14;192,757832;1208,610211;0,9872;3,354766493;viernes;
23/12/2016;13:59:57;1059,68;127,8530447;1067,365028;0,9928;2,962709069;viernes;
23/12/2016;14:59:57;926,82;107,0139602;932,9776525;0,9934;2,589687014;viernes;
23/12/2016;15:59:57;1008,44;180,2417382;1024,420967;0,9844;2,843508275;viernes;
23/12/2016;16:59:57;986,16;184,1957829;1003,214649;0,983;2,784645422;viernes;
23/12/2016;17:59:57;889,3;140,1991979;900,2834582;0,9878;2,498937004;viernes;
23/12/2016;18:59:57;869,56;142,7034439;881,1917308;0,9868;2,445943668;viernes;
23/12/2016;19:59:57;448,5;71,87820778;454,2232125;0,9874;1,260797567;viernes;
23/12/2016;20:59:57;412,64;76,13779922;419,6054505;0,9834;1,164708268;viernes;
23/12/2016;21:59:57;449,76;41,35155644;451,6569592;0,9958;1,253674361;viernes;
23/12/2016;22:59:57;449,46;76,00948193;455,841785;0,986;1,265290275;viernes;
23/12/2016;23:59:57;479,42;73,66552404;485,0465399;0,9884;1,346354569;viernes;
24/12/2016;00:59:57;563,84;60,99306759;567,1293502;0,9942;1,574193668;sábado;
24/12/2016;01:59:57;498,68;99,15449835;508,4420881;0,9808;1,411294117;sábado;
24/12/2016;02:59:57;579,92;107,6624143;589,8291294;0,9832;1,637201955;sábado;
24/12/2016;03:59:57;493,08;92,65223885;501,7094017;0,9828;1,392606049;sábado;
24/12/2016;04:59:57;548,04;64,2399867;551,7921869;0,9932;1,53162196;sábado;
24/12/2016;05:59:57;611,72;92,33126572;618,6488673;0,9888;1,717197548;sábado;
24/12/2016;06:59:57;656,84;92,63989822;663,3407392;0,9902;1,841249781;sábado;
24/12/2016;07:59:57;718,6;92,59614346;724,5412382;0,9918;2,011125379;sábado;
24/12/2016;08:59:57;590,1;118,5841941;601,8971848;0,9804;1,670699527;sábado;
24/12/2016;09:59:57;685,52;80,3550757;690,2134515;0,9932;1,915840971;sábado;
24/12/2016;10:59:57;702,92;85,99190149;708,1603869;0,9926;1,965656683;sábado;
24/12/2016;11:59:57;594,26;105,5148343;603,554743;0,9846;1,675300449;sábado;
24/12/2016;12:59:57;595,22;111,1756854;605,5137335;0,983;1,680738063;sábado;
24/12/2016;13:59:57;571,28;100,7583738;580,0974817;0,9848;1,610189602;sábado;
24/12/2016;14:59:57;534,62;33,86315356;535,6913828;0,998;1,486930596;sábado;
24/12/2016;15:59:57;640,64;121,0959077;651,9845308;0,9826;1,809728098;sábado;
24/12/2016;16:59:57;550,24;72,63262178;555,0131128;0,9914;1,540562356;sábado;
24/12/2016;17:59:57;491,08;54,9401569;494,1436909;0,9938;1,371605735;sábado;
24/12/2016;18:59:57;592,56;93,41778557;599,8785179;0,9878;1,665096268;sábado;
24/12/2016;19:59:57;576,24;113,9602603;587,4006116;0,981;1,630461064;sábado;
24/12/2016;20:59:57;721,64;59,66020027;724,1019466;0,9966;2,009906028;sábado;
24/12/2016;21:59:57;544,36;91,38443671;551,9772866;0,9862;1,532135745;sábado;
24/12/2016;22:59:57;484,14;84,81264753;491,5126904;0,985;1,364302808;sábado;
24/12/2016;23:59:57;432,24;38,77714943;433,9759036;0,996;1,204596658;sábado;
25/12/2016;00:59:57;616,28;60,60124456;619,2524116;0,9952;1,71887282;domingo;
25/12/2016;01:59:57;660,1;105,7899776;668,5233948;0,9874;1,855635394;domingo;
25/12/2016;02:59:57;678,18;125,9044284;689,7681041;0,9832;1,914604811;domingo;
25/12/2016;03:59:57;568,08;82,57514953;574,0501213;0,9896;1,593403808;domingo;
25/12/2016;04:59:57;594,78;66,54171728;598,490642;0,9938;1,66124391;domingo;
25/12/2016;05:59:57;743,38;143,7982004;757,1603178;0,9818;2,101666891;domingo;
25/12/2016;06:59:57;588,5;113,1939088;599,287169;0,982;1,663454848;domingo;
25/12/2016;07:59:57;658,6;112,187595;668,086833;0,9858;1,85442362;domingo;
25/12/2016;08:59:57;622,02;54,38155672;624,3926922;0,9962;1,733140812;domingo;
25/12/2016;09:59:57;566,96;42,51673873;568,5519454;0,9972;1,578142398;domingo;
25/12/2016;10:59:57;629,54;73,79322901;633,8501812;0,9932;1,759392177;domingo;
25/12/2016;11:59:57;595,2;49,20701624;597,230584;0,9966;1,657746339;domingo;
25/12/2016;12:59:57;568,16;106,1213961;577,9857579;0,983;1,604328043;domingo;
25/12/2016;13:59:57;631,44;122,1447115;643,1452434;0,9818;1,78519269;domingo;
25/12/2016;14:59:57;593,74;49,08631355;595,7656031;0,9966;1,653679958;domingo;
25/12/2016;15:59:57;615,84;67,76722648;619,5573441;0,994;1,719719228;domingo;
25/12/2016;16:59:57;602,14;62,83097667;605,4092097;0,9946;1,680447934;domingo;
25/12/2016;17:59:57;494,68;96,76556793;504,055431;0,9814;1,399117975;domingo;
25/12/2016;18:59:57;466,42;56,27474058;469,8025786;0,9928;1,304041563;domingo;
25/12/2016;19:59:57;553,04;54,38260578;555,7073955;0,9952;1,542489492;domingo;
25/12/2016;20:59:57;522,4;10,4495675;522,5045009;0,9998;1,450327472;domingo;
25/12/2016;21:59:57;439,7;66,36705933;444,6804207;0,9888;1,234309426;domingo;
25/12/2016;22:59:57;465,38;70,24312502;470,6512945;0,9888;1,306397363;domingo;
25/12/2016;23:59:57;483,22;93,99987143;492,2779136;0,9816;1,366426855;domingo;
26/12/2016;00:59:57;526,36;64,39238785;530,2841024;0,9926;1,471921487;lunes;
26/12/2016;01:59:57;460,26;83,33721059;467,7439024;0,984;1,29832725;lunes;
26/12/2016;02:59:57;611,2;58,82739386;614,0245128;0,9954;1,704361624;lunes;
26/12/2016;03:59:57;469,2;89,21166154;477,6058632;0,9824;1,325701316;lunes;
26/12/2016;04:59:57;1198,28;185,7310439;1212,588545;0,9882;3,365809244;lunes;
26/12/2016;05:59:57;1248,98;174,321378;1261,08643;0,9904;3,500425912;lunes;
26/12/2016;06:59:57;892,82;101,498898;898,5708535;0,9936;2,494183289;lunes;
26/12/2016;07:59:57;848,56;119,679849;856,9581903;0,9902;2,378678086;lunes;
26/12/2016;08:59:57;874,76;74,42695102;877,9205138;0,9964;2,436863678;lunes;
26/12/2016;09:59:57;736,26;141,6145238;749,7556008;0,982;2,081113452;lunes;
26/12/2016;10:59:57;698,32;89,98293752;704,0935673;0,9918;1,95436832;lunes;
26/12/2016;11:59:57;718,52;90,27207135;724,1685144;0,9922;2,010090802;lunes;
26/12/2016;12:59:57;526;81,52896574;532,2809148;0,9882;1,477464084;lunes;
26/12/2016;13:59:57;784,4;107,1418934;791,6834881;0,9908;2,19749363;lunes;
26/12/2016;14:59:57;602,32;34,11331415;603,2852564;0,9984;1,674552429;lunes;
26/12/2016;15:59:57;660,44;84,04489852;665,766129;0,992;1,847981989;lunes;
26/12/2016;16:59:57;844,24;141,7267926;856,0535388;0,9862;2,376167024;lunes;
26/12/2016;17:59:57;627,98;108,5009876;637,2843515;0,9854;1,76892448;lunes;
26/12/2016;18:59:57;814,38;120,6685502;823,2713304;0,9892;2,285172713;lunes;
26/12/2016;19:59:57;415,36;78,97475648;422,8013029;0,9824;1,173579068;lunes;
26/12/2016;20:59:57;402,36;52,48304003;405,768455;0,9916;1,126300609;lunes;
26/12/2016;21:59:57;445,84;36,85896526;447,3610275;0,9966;1,241750046;lunes;
26/12/2016;22:59:57;840;133,5283681;850,5467801;0,9876;2,360881791;lunes;
26/12/2016;23:59:57;567,4;39,38154739;568,7650361;0,9976;1,578733878;lunes;
27/12/2016;00:59:57;650,56;50,50587022;652,5175527;0,997;1,811207619;martes;
27/12/2016;01:59:57;628,38;71,43643457;632,4275362;0,9936;1,755443309;martes;
27/12/2016;02:59:57;669,86;61,58785484;672,6852782;0,9958;1,867187627;martes;
27/12/2016;03:59:57;733,44;135,3298455;745,8206223;0,9834;2,070191044;martes;
27/12/2016;04:59:57;1543,88;175,5136742;1553,824477;0,9936;4,31298548;martes;
27/12/2016;05:59:57;1764,94;300,6443575;1790,363157;0,9858;4,969551205;martes;
27/12/2016;06:59:57;1369,1;155,644073;1377,91868;0,9936;3,82471981;martes;
27/12/2016;07:59:57;1459,72;290,2418471;1488,295269;0,9808;4,131094588;martes;
27/12/2016;08:59:57;8,24;1,638391486;8,401305057;0,9808;0,023319691;martes;
27/12/2016;09:59:57;1623,62;166,2263878;1632,106956;0,9948;4,530275916;martes;
27/12/2016;10:59:57;1169,04;156,1229884;1179,418886;0,9912;3,273739478;martes;
27/12/2016;11:59:57;1135,1;118,4432883;1141,262819;0,9946;3,167828826;martes;
27/12/2016;12:59:57;920,02;156,718541;933,2724691;0,9858;2,590505342;martes;
27/12/2016;13:59:57;824,88;57,25246882;826,8644747;0,9976;2,295146284;martes;
27/12/2016;14:59:57;927,32;159,0948274;940,8685065;0,9856;2,611589834;martes;
27/12/2016;15:59:57;949,6;106,2376252;955,5242504;0,9938;2,652270111;martes;
27/12/2016;16:59:57;821,78;49,37347921;823,2618714;0,9982;2,285146457;martes;
27/12/2016;17:59:57;729,34;107,0464122;737,1538306;0,9894;2,046134435;martes;
27/12/2016;18:59:57;1089,62;72,39672347;1092,022449;0,9978;3,031151227;martes;
27/12/2016;19:59:57;532,1;65,09459225;536,066895;0,9926;1,487972914;martes;
27/12/2016;20:59:57;448,16;72,97709115;454,0628166;0,987;1,260352353;martes;
27/12/2016;21:59:57;432,62;54,35270209;436,0209635;0,9922;1,210273176;martes;
27/12/2016;22:59:57;627,5;91,21234039;634,0945837;0,9896;1,76007057;martes;
27/12/2016;23:59:57;636,42;85,96606532;642,1997982;0,991;1,782568396;martes;
28/12/2016;00:59:57;776,58;118,2746683;785,5351001;0,9886;2,180427411;miércoles;
28/12/2016;01:59:57;621,66;97,18400499;629,2105263;0,988;1,746513782;miércoles;
28/12/2016;02:59:57;755,64;42,79682677;756,8509615;0,9984;2,100808204;miércoles;
28/12/2016;03:59:57;635,56;129,0559624;648,5306122;0,98;1,800140979;miércoles;
28/12/2016;04:59:57;1448,5;197,8519028;1461,949939;0,9908;4,057967265;miércoles;
28/12/2016;05:59:57;1516,24;177,730161;1526,621023;0,9932;4,237476243;miércoles;
28/12/2016;06:59:57;1557,02;116,7620512;1561,391897;0,9972;4,33399054;miércoles;
28/12/2016;07:59:57;1366,6;271,7264327;1393,352365;0,9808;3,867559439;miércoles;
28/12/2016;08:59:57;1464,7;0;1464,7;1;4,06560067;miércoles;
28/12/2016;09:59:57;1273,04;102,0883756;1277,126806;0,9968;3,544949544;miércoles;
28/12/2016;10:59:57;951,36;184,0295083;968,9957221;0,9818;2,689663178;miércoles;
28/12/2016;11:59:57;1045,3;144,3439393;1055,219059;0,9906;2,92899523;miércoles;
28/12/2016;12:59:57;1000,62;120,7273078;1007,876712;0,9928;2,797586015;miércoles;
28/12/2016;13:59:57;869,76;79,96693731;873,4283993;0,9958;2,424394815;miércoles;
28/12/2016;14:59:57;898,44;90,18253741;902,9547739;0,995;2,506351835;miércoles;
28/12/2016;15:59:57;812,92;129,2236679;823,126772;0,9876;2,284771459;miércoles;
28/12/2016;16:59:57;893,2;43,79711202;894,2731278;0,9988;2,482253995;miércoles;
28/12/2016;17:59:57;850,62;169,1321075;867,271615;0,9808;2,40730529;miércoles;
28/12/2016;18:59:57;882,56;101,9035419;888,4235957;0,9934;2,466017318;miércoles;
28/12/2016;19:59:57;436,12;69,32665703;441,5957878;0,9876;1,225747341;miércoles;
28/12/2016;20:59:57;442,6;77,00519011;449,2488835;0,9852;1,246990211;miércoles;
28/12/2016;21:59:57;576,02;106,2836737;585,7433394;0,9834;1,625860936;miércoles;
28/12/2016;22:59:57;551,18;50,67625151;553,5047198;0,9958;1,536375476;miércoles;
28/12/2016;23:59:57;651,28;119,42581;662,1390809;0,9836;1,837914311;miércoles;
29/12/2016;00:59:57;725,94;138,830387;739,0959071;0,9822;2,051525101;jueves;
29/12/2016;01:59:57;858,6;70,98310509;861,5291993;0,9966;2,391365938;jueves;
29/12/2016;02:59:57;1009,38;72,92971698;1012,011229;0,9974;2,809062287;jueves;
29/12/2016;03:59:57;1056,5;170,6829454;1070,198541;0,9872;2,970574115;jueves;
29/12/2016;04:59:57;1620,16;325,5810337;1652,54998;0,9804;4,587020075;jueves;
29/12/2016;05:59:57;1726,74;243,5372661;1743,829529;0,9902;4,84038677;jueves;
29/12/2016;06:59:57;1479,66;221,2989616;1496,11729;0,989;4,152806347;jueves;
29/12/2016;07:59:57;1567,34;285,6030555;1593,149014;0,9838;4,422139481;jueves;
29/12/2016;08:59:57;1440,46;250,6165751;1462,099066;0,9852;4,058381199;jueves;
29/12/2016;09:59:57;1568,38;240,9902269;1586,786726;0,9884;4,404479536;jueves;
29/12/2016;10:59:57;1523,96;236,2108035;1542,157458;0,9882;4,280601075;jueves;
29/12/2016;11:59:57;1181;208,2965262;1199,22827;0,9848;3,328724829;jueves;
29/12/2016;12:59:57;1267,58;71,79133143;1269,611378;0,9984;3,524088803;jueves;
29/12/2016;13:59:57;917,68;138,5119923;928,0744337;0,9888;2,576077039;jueves;
29/12/2016;14:59:57;957,62;139,1980261;967,6839127;0,9896;2,686021959;jueves;
29/12/2016;15:59:57;878,86;130,2226995;888,4553174;0,9892;2,466105369;jueves;
29/12/2016;16:59:57;1252,38;214,8634559;1270,67776;0,9856;3,527048782;jueves;
29/12/2016;17:59:57;1230,82;197,255598;1246,526231;0,9874;3,46001084;jueves;
29/12/2016;18:59:57;1219,92;145,1058001;1228,519637;0,993;3,410029536;jueves;
29/12/2016;19:59:57;543,36;47,50452181;545,432644;0,9962;1,513969634;jueves;
29/12/2016;20:59:57;544,5;104,1313962;554,3677459;0,9822;1,538770997;jueves;
29/12/2016;21:59:57;591,54;95,56629394;599,2098865;0,9872;1,663240333;jueves;
29/12/2016;22:59:57;795,78;52,87335456;797,5345761;0,9978;2,213734626;jueves;
29/12/2016;23:59:57;763,18;127,1676731;773,702352;0,9864;2,147582987;jueves;
30/12/2016;00:59:57;889,3;133,0043162;899,1911021;0,989;2,495904927;viernes;
30/12/2016;01:59:57;805,46;144,9045035;818,390571;0,9842;2,271625079;viernes;
30/12/2016;02:59:57;867,48;137,8966533;878,3718104;0,9876;2,438116352;viernes;
30/12/2016;03:59:56;1005,74;196,7352678;1024,801304;0,9814;2,844563985;viernes;
30/12/2016;04:59:56;1563,34;293,7595341;1590,700041;0,9828;4,415341811;viernes;
30/12/2016;05:59:56;1414,12;80,09084839;1416,386218;0,9984;3,93149502;viernes;
30/12/2016;06:59:56;1486,64;301,8751272;1516,979592;0,98;4,210714306;viernes;
30/12/2016;07:59:56;1214,14;184,9159207;1228,140805;0,9886;3,408978002;viernes;
30/12/2016;08:59:56;1457,62;77,21109583;1459,663529;0,9986;4,051620824;viernes;
30/12/2016;09:59:56;1530,98;251,2490439;1551,459262;0,9868;4,306420301;viernes;
30/12/2016;10:59:56;1427,66;172,2507528;1438,013699;0,9928;3,991526904;viernes;
30/12/2016;11:59:56;1547,78;299,4000088;1576,471787;0,9818;4,375848127;viernes;
30/12/2016;12:59:56;1561,68;308,8460699;1591,926606;0,981;4,418746415;viernes;
30/12/2016;13:59:56;1401,68;231,8010401;1420,717616;0,9866;3,943517779;viernes;
30/12/2016;14:59:56;1349,9;160,5665286;1359,415911;0,993;3,773361261;viernes;
30/12/2016;15:59:56;1069,2;158,4258133;1080,873433;0,9892;3,000204652;viernes;
30/12/2016;16:59:56;1270,84;179,237696;1283,417491;0,9902;3,562410741;viernes;
30/12/2016;17:59:56;1304,22;170,119869;1315,268253;0,9916;3,650819616;viernes;
30/12/2016;18:59:56;1237,08;248,5987712;1261,811506;0,9804;3,502438521;viernes;
30/12/2016;19:59:56;618,14;87,18169826;624,2577257;0,9902;1,732766183;viernes;
30/12/2016;20:59:56;981,3;51,98011027;982,675746;0,9986;2,727635127;viernes;
30/12/2016;21:59:56;690,6;60,37732399;693,2342903;0,9962;1,924225981;viernes;
30/12/2016;22:59:56;1062,62;87,85006654;1066,245234;0,9966;2,959600831;viernes;
30/12/2016;23:59:56;1059,68;150,996222;1070,383838;0,99;2,971088448;viernes;
31/12/2016;00:59:56;980,32;158,3756792;993,0307942;0,9872;2,756377867;sábado;
31/12/2016;01:59:56;1088,14;174,3891929;1102,025522;0,9874;3,058916979;sábado;
31/12/2016;02:59:56;1062,92;60,2000994;1064,623397;0,9984;2,955099063;sábado;
31/12/2016;03:59:56;1183,84;94,93519654;1187,640449;0,9968;3,296560256;sábado;
31/12/2016;04:59:56;983,98;104,5743808;989,5213194;0,9944;2,746636539;sábado;
31/12/2016;05:59:56;1172,16;161,8618501;1183,282859;0,9906;3,284464794;sábado;
31/12/2016;06:59:56;1318,96;221,4204141;1337,416346;0,9862;3,712296573;sábado;
31/12/2016;07:59:56;1260,86;185,0584629;1274,368304;0,9894;3,537292709;sábado;
31/12/2016;08:59:56;1224,34;132,4422751;1231,482599;0,9942;3,418253895;sábado;
31/12/2016;09:59:56;1118,7;171,8944177;1131,829219;0,9884;3,14164377;sábado;
31/12/2016;10:59:56;1169,88;146,9791945;1179,076799;0,9922;3,272789939;sábado;
31/12/2016;11:59:56;1301,14;26,02670417;1301,40028;0,9998;3,612325971;sábado;
31/12/2016;12:59:56;1117,28;211,1919888;1137,06493;0,9826;3,15617665;sábado;
31/12/2016;13:59:56;1267,58;161,3070566;1277,802419;0,992;3,54682486;sábado;
31/12/2016;14:59:56;1321,98;91,75470218;1325,160385;0,9976;3,678277428;sábado;
31/12/2016;15:59:56;1213,46;216,885625;1232,689963;0,9844;3,421605203;sábado;
31/12/2016;16:59:56;1227,52;190,2631864;1242,177697;0,9882;3,447940518;sábado;
31/12/2016;17:59:56;1290,7;245,4081235;1313,82329;0,9824;3,646808799;sábado;
31/12/2016;18:59:56;1250,34;179,9639325;1263,224894;0,9898;3,506361695;sábado;
31/12/2016;19:59:56;1261,32;110,2738579;1266,131299;0,9962;3,514429069;sábado;
31/12/2016;20:59:56;1499,16;259,0215302;1521,372032;0,9854;4,2229065;sábado;
31/12/2016;21:59:56;1102,46;219,2064415;1124,041599;0,9808;3,120027498;sábado;
31/12/2016;22:59:56;1380,32;188,539136;1393,136859;0,9908;3,866961253;sábado;
